,AAPL Simulated,AAPL Historical
2024-02-26,0.0,0.0
2024-02-27,0.0006115391092229583,0.008114274824134515
2024-02-28,0.0012234521985281521,0.001435086901544258
2024-02-29,0.001835739496618638,-0.0022632364721606457
2024-03-01,0.0024484012323380266,-0.008280057064972257
2024-03-04,0.004288635355802484,-0.03345111573394477
2024-03-05,0.0049027971332706866,-0.06094067162202399
2024-03-06,0.0055173344946850555,-0.06646065324803718
2024-03-07,0.006132247669730306,-0.0671231052037683
2024-03-08,0.0067475368882303766,-0.05757348960023212
2024-03-11,0.008595663104819629,-0.04642317410621877
2024-03-12,0.009212458798200762,-0.043773620161151494
2024-03-13,0.009829631686271156,-0.055365429249064846
2024-03-14,0.010447181999699184,-0.045043178699715525
2024-03-15,0.011065109969296216,-0.047140717556990896
2024-03-18,0.012921162125319796,-0.04106872084318591
2024-03-19,0.013540603030519183,-0.028041486349918543
2024-03-20,0.0141604227480574,-0.01374477794403961
2024-03-21,0.014780621509594027,-0.05404069458950744
2024-03-22,0.015401199546928757,-0.04901755193029256
2024-03-25,0.01726521163385053,-0.05691095301854854
2024-03-26,0.01788730909521674,-0.06320390809418464
2024-03-27,0.018509786993510247,-0.04333195731534656
2024-03-28,0.019132645561383166,-0.05343350338072217
2024-03-29,0.019755885031629505,
2024-04-01,0.021627891186691395,-0.0614375105888223
2024-04-02,0.022252656597224973,-0.06800626164347323
2024-04-03,0.02287780407624118,-0.06353504944609778
2024-04-04,0.023503333857389785,-0.06811661388546009
2024-04-05,0.02412924617446377,-0.06392145154495676
2024-04-08,0.026009280681308367,-0.07015897662174209
2024-04-09,0.02663672548287055,-0.06342469720411081
2024-04-10,0.027264553991467988,-0.07385746924735204
2024-04-11,0.027892766441752093,-0.03378242633776285
2024-04-12,0.0285213630685186,-0.02544719315179711
2024-04-15,0.03040946035781955,-0.04675431545813191
2024-04-16,0.031039596041341655,-0.06502539709458799
2024-04-17,0.03167011707747802,-0.07264300220382902
2024-04-18,0.0323010237018877,-0.0779422793458685
2024-04-19,0.03293231615037229,-0.08920294708186871
2024-04-22,0.03482851080046312,-0.08456620652151281
2024-04-23,0.0354613489061566,-0.07871508354358647
2024-04-24,0.03609457401710148,-0.06701266833582897
2024-04-25,0.03672818636996644,-0.06221023016058791
2024-04-26,0.037362186201565395,-0.06546705994039281
2024-04-29,0.03926651293907435,-0.04228310326075646
2024-04-30,0.03990206505664218,-0.059781465325446925
2024-05-01,0.04053800583918599,-0.06546705994039281
2024-05-02,0.04117433552438965,-0.04487748108483025
2024-05-03,0.04181105435008159,0.012254261043644465
2024-05-06,0.04372354805056622,0.003035956043926369
2024-05-07,0.044361825819415834,0.0068448009115229524
2024-05-08,0.04500049392008387,0.008721550658872257
2024-05-09,0.04563955259127317,0.018823181350200224
2024-05-10,0.04627900207183311,0.011803204717118376
2024-05-13,0.0481996977604191,0.02965699578207337
2024-05-14,0.04884071286987535,0.03601350494799482
2024-05-15,0.049482119985140516,0.04867143178479694
2024-05-16,0.050123919345941514,0.049334730000052396
2024-05-17,0.05076611119215202,0.049500596866842494
2024-05-20,0.0526950440441758,0.05596762752665585
2024-05-21,0.05333880823369386,0.06320873177347397
2024-05-22,0.05398296611019093,0.05519389244346096
2024-05-23,0.05462751791442222,0.03297348685835111
2024-05-24,0.05527246388728968,0.05010854970919976
2024-05-27,0.05720966922894144,
2024-05-28,0.05785619428832356,0.050163895082098175
2024-05-29,0.058503114723064575,0.0518220559942848
2024-05-30,0.059150430774951746,0.05734956933006541
2024-05-31,0.059798142685921096,0.06265595505211019
2024-06-03,0.06174365599489251,0.0724948221610997
2024-06-04,0.062392953764502934,0.07426367381908294
2024-06-05,0.06304264860509257,0.08266533837771717
2024-06-06,0.0636927407594865,0.07498206352937942
2024-06-07,0.06434323047065749,0.08830337320738968
2024-06-10,0.06629708737679096,0.06746474017378445
2024-06-11,0.06694916974777243,0.14501511673388512
2024-06-12,0.06760165089262604,0.17773794152109734
2024-06-13,0.06825453105521806,0.1842049721809107
2024-06-14,0.06890781047956285,0.17453188731275882
2024-06-17,0.07087004676550435,0.19763671872686017
2024-06-18,0.0715249256799968,0.18448127591564
2024-06-19,0.07218020507855716,
2024-06-20,0.0728358852060973,0.15899964000119837
2024-06-21,0.07349196630767851,0.14689465913766497
2024-06-24,0.07546261790953235,0.15048736932271978
2024-06-25,0.0761203053608912,0.15562797280392693
2024-06-26,0.07677839501384853,0.17873280421802828
2024-06-27,0.07743688711436558,0.1834312370977158
2024-06-28,0.07809578190855548,0.16419550422935125
2024-07-01,0.08007488491654291,0.19807888932837958
2024-07-02,0.08073539294955867,0.21753558055857525
2024-07-03,0.08139630490906868,0.2246107333126508
2024-07-04,0.08205762104209002,
2024-07-05,0.08271934159578986,0.25108731654997585
2024-07-08,0.0847069322549101,0.25926802274677896
2024-07-09,0.08537027296602928,0.2640215471215075
2024-07-10,0.08603401933593569,0.2877896767508643
2024-07-11,0.08669817161270621,0.25788616556932187
2024-07-12,0.08736273004456852,0.2743026694579691
2024-07-15,0.08935884475526201,0.2956387338400397
2024-07-16,0.09002503029280806,0.2979603622193867
2024-07-17,0.0906916232288637,0.26512710056423505
2024-07-18,0.09135862381257032,0.23914794867537537
2024-07-19,0.09202603229321915,0.23986659226352924
2024-07-22,0.09403070761203547,0.23793204299066084
2024-07-23,0.09469975017643106,0.24373577543521852
2024-07-24,0.09536920188652065,0.2079729325583628
2024-07-25,0.0960390629925123,0.20216928473975737
2024-07-26,0.09670933374476842,0.20476713222788145
2024-07-29,0.09872260638503394,0.20631485627212864
2024-07-30,0.09939451822902567,0.20941030436062302
2024-07-31,0.10006684097338803,0.22754031453435508
2024-08-01,0.10073957486940244,0.20697806986143186
2024-08-02,0.10141272016850444,0.21526938217807912
2024-08-05,0.10343462700099604,0.1567335262466545
2024-08-06,0.10410942042987781,0.145457371961357
2024-08-07,0.10478462652133214,0.1597735443362982
2024-08-08,0.10546024552771827,0.17906436869970355
2024-08-09,0.10613627770154954,0.19525999885247214
2024-08-12,0.10816685575516916,0.2037820861414339
2024-08-13,0.10884454312700798,0.22447880145279075
2024-08-14,0.10952264493117836,0.22696900472940595
2024-08-15,0.11020116142112224,0.24357058557604794
2024-08-16,0.11088009285043565,0.2509306739120023
2024-08-19,0.11291937931288865,0.25004514794562893
2024-08-20,0.11359997303875069,0.2534762225615159
2024-08-21,0.11428098297429345,0.25286750808558667
2024-08-22,0.11496240937404578,0.242519108116932
2024-08-23,0.11564425249269128,0.25530236598930367
2024-08-26,0.11769228471116744,0.2571838547899896
2024-08-27,0.1183757972553452,0.2618877037306335
2024-08-28,0.11905972779417495,0.2533655318157193
2024-08-29,0.11974407658327757,0.27162730459740647
2024-08-30,0.12042884387842889,0.26725552789415263
2024-09-02,0.12248565936028721,
2024-09-03,0.12317210324052796,0.23277959187611175
2024-09-04,0.12385896690804765,0.2221545496689179
2024-09-05,0.12454625061956293,0.23062137621093393
2024-09-06,0.12523395463194653,0.22198851355022287
2024-09-09,0.1272995910454009,0.22248662190630797
2024-09-10,0.1279889788331361,0.21805941520420324
2024-09-11,0.1286787882084648,0.2321708774001825
2024-09-12,0.12936901942920476,0.23277959187611175
2024-09-13,0.13005967275333052,0.23128535143380913
2024-09-16,0.1321341679281398,0.1970861422802599
2024-09-17,0.1328265122487151,0.19968695167671946
2024-09-18,0.13351927996491986,0.221269108328497
2024-09-19,0.1342124713356765,0.26653612267242655
2024-09-20,0.13490608662006665,0.2628284058180004
2024-09-23,0.13698947854822796,0.25325484106992247
2024-09-24,0.13768479208113527,0.25823533224910555
2024-09-25,0.13838053082546087,0.25270147196689163
2024-09-26,0.13907669504123854,0.25906542821662826
2024-09-27,0.1397732849886606,0.26055949940702594
2024-09-30,0.14186561182510493,0.28939096902300854
2024-10-01,0.14256390730421287,0.25181603062647073
2024-10-02,0.14326262981831572,0.2549702937519136
2024-10-03,0.14396177962856282,0.24882771899377043
2024-10-04,0.14466135699626204,0.2550810691236627
2024-10-07,0.14676265705955305,0.2268030532366634
2024-10-08,0.14746394727334144,0.24938117272275373
2024-10-09,0.14816566635352224,0.27024383952685294
2024-10-10,0.14886781456236453,0.2674768247597934
2024-10-11,0.14957039216229684,0.2592314643353233
2024-10-14,0.15168070393533228,0.27998344039362566
2024-10-15,0.1523850017271262,0.29409481796365244
2024-10-16,0.15308973022456418,0.2826396797889361
2024-10-17,0.15379488969103972,0.2846872047083171
2024-10-18,0.15450048039010733,0.30045877421338907
2024-10-21,0.15661984252082473,0.30864887389091344
2024-10-22,0.15732716078902942,0.3052178839009789
2024-10-23,0.15803491161001793,0.27699512876092536
2024-10-24,0.15874309524831287,0.2759437359277619
2024-10-25,0.1594517119685992,0.2805921548695549
2024-10-28,0.16158016327068192,0.2916045300610848
2024-10-29,0.16229051496901947,0.29309868587743493
2024-10-30,0.16300130107520183,0.27334284190534985
2024-10-31,0.1637125218548865,0.250155923317378
2024-11-01,0.16442417757389327,0.23355434247073603
2024-11-04,0.1665617570274831,0.22857376666560048
2024-11-05,0.16727515516522917,0.23654256947748387
2024-11-06,0.16798898957383712,0.2325028650116201
2024-11-07,0.16870326052010332,0.2588440467250348
2024-11-08,0.16941796827098754,0.2573482830155882
2024-11-11,0.17156471502339787,0.24222418667266488
2024-11-12,0.17228117266562037,0.24222418667266488
2024-11-13,0.17299806844971122,0.24715474853990616
2024-11-14,0.17371540264361096,0.26432865470292644
2024-11-15,0.17443317551542492,0.2464899270575065
2024-11-18,0.17658912888185774,0.263220647107578
2024-11-19,0.17730865914965577,0.2646609808181739
2024-11-20,0.17802862943835218,0.2686497404606665
2024-11-21,0.17874904001703817,0.265990623782973
2024-11-22,0.1794698911549677,0.27346952695615845
2024-11-25,0.181635090619233,0.2900893870085284
2024-11-26,0.18235770668997708,0.30222187130660605
2024-11-27,0.18308076466870893,0.3015017044513082
2024-11-28,0.18380426482567325,
2024-11-29,0.18452820743127907,0.314797626343585
2024-12-02,0.1867026926465194,0.3273178667557608
2024-12-03,0.18742840775409286,0.34427013754933067
2024-12-04,0.18815456666483676,0.34626451737057695
2024-12-05,0.188881169650154,0.3464307227411767
2024-12-06,0.189608216981614,0.34532271514582824
2024-12-09,0.191792027771029,0.366983997063141
2024-12-10,0.1925208552060711,0.37263472578568013
2024-12-11,0.19325012834759336,0.3655435787265926
2024-12-12,0.19397984746816332,0.3736873880081302
2024-12-13,0.19471001284051415,0.3746291056069264
2024-12-16,0.19690318919809102,0.39075034954749666
2024-12-17,0.19763514230823942,0.4042678221832716
2024-12-18,0.19836754303634074,0.3741859194939774
2024-12-19,0.1991003916561307,0.3838254078590091
2024-12-20,0.19983368844151284,0.409863290158865
2024-12-23,0.20203627053275874,0.4141844605425573
2024-12-24,0.20277136272289376,0.4304165644808291
2024-12-25,0.20350690445065212,
2024-12-26,0.20424289599094347,0.43495911635611484
2024-12-27,0.2049793376188458,0.41595720499435296
2024-12-30,0.20719136578152186,0.3971767597501368
2024-12-31,0.2079296105140136,0.38731563601565444
2025-01-01,0.20866830671203163,
2025-01-02,0.209407454651664,0.3509181831214214
2025-01-03,0.21014705460916905,0.3482035518189248
2025-01-06,0.2123685693540318,0.3572890786992584
2025-01-07,0.21310998014898463,0.34183265624108783
2025-01-08,0.2138518443456341,0.3445471182916795
2025-01-09,0.21459416222125416,
2025-01-10,0.21533693405328602,0.31213842503993927
2025-01-13,0.21756797606482703,0.2985655224053132
2025-01-14,0.21831256650032804,0.2923607475721237
2025-01-15,0.2190576122820007,0.3177891537624784
2025-01-16,0.21980311368830696,0.2645502054464248
2025-01-17,0.22054907099787924,0.2740789184397072
2025-01-20,0.22278968113507114,
2025-01-21,0.22353746484743953,0.23341564053468034
2025-01-22,0.22428570585879326,0.24000817148196796
2025-01-23,0.22503440444878842,0.23906645388317194
2025-01-24,0.2257835608972525,0.23419123738882908
2025-01-27,0.22803378019429732,0.2734140969573078
2025-01-28,0.22878477087833282,0.31994973895432444
2025-01-29,0.22953622082254244,0.32604373841576484
2025-01-30,0.23028813030778172,0.3162379600541809
2025-01-31,0.23104049961507767,0.3074294985421486
2025-02-03,0.23330036928215803,0.2631652171087273
2025-02-04,0.23405458069139295,0.28970163089443024
2025-02-05,0.2348092533304016,0.2878734564437839
2025-02-06,0.23556438748124342,0.29202842145687646
2025-02-07,0.23631998342615113,0.26106006191573194
2025-02-10,0.23858954485018535,0.262557433518275
2025-02-11,0.23934699079713617,0.29012129099259987
2025-02-12,0.2401048999519062,0.31369198827490496
2025-02-13,0.24086327259776596,0.339536584899379
2025-02-14,0.24162210901815762,0.3565629880272896
2025-02-17,0.24390140376355696,
2025-02-18,0.24466209811997586,0.35584197491246705
2025-02-19,0.24542325767074358,0.3580603596298326
2025-02-20,0.24618488270034478,0.363384601427843
2025-02-21,0.24694697349343864,0.3618317152004966
2025-02-24,0.24923604330286975,
2025-02-25,0.2500000000000002,
2025-02-26,0.250764423886529,
2025-02-27,0.2515293152481599,
2025-02-28,0.25229467437077324,
2025-03-03,0.2545935611659207,
2025-03-04,0.2553607941947529,
2025-03-05,0.2561284964165882,
2025-03-06,0.2568966681183562,
2025-03-07,0.2576653095871626,
2025-03-10,0.2599740554694989,
2025-03-11,0.26074457888102454,
2025-03-12,0.261515573497751,
2025-03-13,0.2622870396078387,
2025-03-14,0.2630589774996239,
2025-03-17,0.26537762475117876,
2025-03-18,0.26615145265664975,
2025-03-19,0.26692575378814865,
2025-03-20,0.26770052843507197,
2025-03-21,0.2684757768869923,
2025-03-24,0.27080436797112784,
2025-03-25,0.2715815145423133,
2025-03-26,0.272359136369021,
2025-03-27,0.2731372337418878,
2025-03-28,0.2739158069517289,
2025-03-31,0.2762543845139167,
2025-04-01,0.2770348639833642,
2025-04-02,0.2778158207465311,
2025-04-03,0.27859725509530153,
2025-04-04,0.2793791673217372,
2025-04-07,0.2817277741903408,
2025-04-08,0.2825116008516353,
2025-04-09,0.2832959068535885,
2025-04-10,0.2840806924893351,
2025-04-11,0.28486595805219017,
2025-04-14,0.2872246372392473,
2025-04-15,0.2880118254472741,
2025-04-16,0.288799495051677,
2025-04-17,0.28958764634684764,
2025-04-18,0.29037627962735946,
2025-04-21,0.29274507432937114,
2025-04-22,0.29353563850057895,
2025-04-23,0.2943266861326954,
2025-04-24,0.29511821752137646,
2025-04-25,0.2959102329624581,
2025-04-28,0.2982891865611792,
2025-04-29,0.2990831411738428,
2025-04-30,0.29987758132080256,
2025-05-01,0.3006725072989824,
2025-05-02,0.3014679194054868,
2025-05-05,0.30385707546872154,
2025-05-06,0.30465443506320744,
2025-05-07,0.3054522822742698,
2025-05-08,0.30625061740010495,
2025-05-09,0.3070494407390916,
2025-05-12,0.3094488430214897,
2025-05-13,0.31024962220052377,
2025-05-14,0.31105089108734396,
2025-05-15,0.3118526499814256,
2025-05-16,0.31265489918242695,
2025-05-19,0.315064591626286,
2025-05-20,0.3158688050552194,
2025-05-21,0.31667351029211743,
2025-05-22,0.31747870763773856,
2025-05-23,0.3182843973930276,
2025-05-26,0.32070442412909816,
2025-05-27,0.3215120865361767,
2025-05-28,0.3223202428604044,
2025-05-29,0.3231288934038308,
2025-05-30,0.32393803846868985,
2025-06-02,0.3263684438169827,
2025-06-03,0.32717956999361575,
2025-06-04,0.32799119220562867,
2025-06-05,0.32880331075636593,
2025-06-06,0.32961592594935807,
2025-06-09,0.3320567544199564,
2025-06-10,0.33287135922098887,
2025-06-11,0.33368646218471576,
2025-06-12,0.3345020636157825,
2025-06-13,0.3353181638190226,
2025-06-16,0.3377694601128973,
2025-06-17,0.33858755845688027,
2025-06-18,0.3394061570999958,
2025-06-19,0.34022525634819645,
2025-06-20,0.3410448565076216,
2025-06-23,0.3435066655174497,
2025-06-24,0.34432827238691566,
2025-06-25,0.3451503817011141,
2025-06-26,0.3459729937673106,
2025-06-27,0.34679610889295676,
2025-06-30,0.34926847570394415,
2025-07-01,0.3500936061456785,
2025-07-02,0.3509192411869484,
2025-07-03,0.351745381136336,
2025-07-04,0.3525720263026124,
2025-07-07,0.3550549961933174,
2025-07-08,0.35588366531863747,
2025-07-09,0.3567128412075362,
2025-07-10,0.3575425241699197,
2025-07-11,0.3583727145158828,
2025-07-14,0.36086633295904846,
2025-07-15,0.36169855594407796,
2025-07-16,0.3625312878660101,
2025-07-17,0.36336452903607985,
2025-07-18,0.36419827976571284,
2025-07-21,0.36670259242909764,
2025-07-22,0.3675383845150444,
2025-07-23,0.36837468772053894,
2025-07-24,0.36921150235815037,
2025-07-25,0.3700488287406405,
2025-07-28,0.3725638814878558,
2025-07-29,0.3734032579812925,
2025-07-30,0.3742431477862822,
2025-07-31,0.3750835512167352,
2025-08-01,0.3759244685867533,
2025-08-04,0.3784503074781018,
2025-08-05,0.37929328375124505,
2025-08-06,0.38013677553734726,
2025-08-07,0.38098078315166517,
2025-08-08,0.3818253069096478,
2025-08-11,0.3843619782029688,
2025-08-12,0.3852085696939611,
2025-08-13,0.3860556789087599,
2025-08-14,0.38690330616397284,
2025-08-15,0.3877514517764029,
2025-08-18,0.39029900192791867,
2025-08-19,0.39114922414111075,
2025-08-20,0.39199996629843836,
2025-08-21,0.3928512287178667,
2025-08-22,0.39370301171755706,
2025-08-25,0.39626148738272304,
2025-08-26,0.3971153558889593,
2025-08-27,0.3979697465691814,
2025-08-28,0.39882465974271897,
2025-08-29,0.3996800957290969,
2025-09-01,0.4022495437634577,
2025-09-02,0.4031070742003591,
2025-09-03,0.40396512905066007,
2025-09-04,0.40482370863505945,
2025-09-05,0.40568281327445344,
2025-09-08,0.40826328073449925,
2025-09-09,0.4091244888067511,
2025-09-10,0.40998622354142,
2025-09-11,0.41084848526058115,
2025-09-12,0.4117112742865059,
2025-09-15,0.41430280843053535,
2025-09-16,0.4151677099101745,
2025-09-17,0.41603314031089367,
2025-09-18,0.41689909995614993,
2025-09-19,0.4177655891695957,
2025-09-22,0.4203682374585809,
2025-09-23,0.42123684818528506,
2025-09-24,0.4221059901014188,
2025-09-25,0.42297566353182625,
2025-09-26,0.4238458688015483,
2025-09-29,0.42645967890000436,
2025-09-30,0.4273320147813815,
2025-10-01,0.42820488413026614,
2025-10-02,0.4290782872728949,
2025-10-03,0.4299522245357037,
2025-10-06,0.4325772443125615,
2025-10-07,0.43345332132444114,
2025-10-08,0.4343299340916764,
2025-10-09,0.4352070829419028,
2025-10-10,0.4360847682029554,
2025-10-13,0.438721045732438,
2025-10-14,0.4396008799191653,
2025-10-15,0.4404812521589079,
2025-10-16,0.44136216278070517,
2025-10-17,0.44224361211380003,
2025-10-20,0.44489119567630286,
2025-10-21,0.4457748031510307,
2025-10-22,0.44665895098628683,
2025-10-23,0.4475436395125221,
2025-10-24,0.44842886906039103,
2025-10-27,0.4510878071433677,
2025-10-28,0.45197520408835246,
2025-10-29,0.45286314371127445,
2025-10-30,0.45375162634400223,
2025-10-31,0.4546406523186084,
2025-11-03,0.4573109936174564,
2025-11-04,0.4582021962843539,
2025-11-05,0.4590939439565367,
2025-11-06,0.45998623696729624,
2025-11-07,0.4608790756501291,
2025-11-10,0.46356086906908356,
2025-11-11,0.46445589377924734,
2025-11-12,0.46535146583202547,
2025-11-13,0.46624758556213886,
2025-11-14,0.46714425330451403,
2025-11-17,0.4698375479575416,
2025-11-18,0.4707364111023222,
2025-11-19,0.47163582393706927,
2025-11-20,0.4725357867979405,
2025-11-21,0.4734363000212978,
2025-11-24,0.4761411452329982,
2025-11-25,0.47704386327404125,
2025-11-26,0.4779471333624712,
2025-11-27,0.47885095583588644,
2025-11-28,0.47975533103209167,
2025-12-01,0.48247177633859906,
2025-12-02,0.48337836580814897,
2025-12-03,0.4842855096926162,
2025-12-04,0.48519320833104596,
2025-12-05,0.48610146206269267,
2025-12-08,0.4888295572125838,
2025-12-09,0.48974003471378613,
2025-12-10,0.4906510690075887,
2025-12-11,0.4915626604344918,
2025-12-12,0.49247480933520427,
2025-12-15,0.49521460429040887,
2025-12-16,0.49612898649761394,
2025-12-17,0.49704392788529916,
2025-12-18,0.49795942879542565,
2025-12-19,0.49887548957016326,
2025-12-22,0.5016270345068805,
2025-12-23,0.5025453381659482,
2025-12-24,0.5034642034036172,
2025-12-25,0.5043836305633151,
2025-12-26,0.5053036199886796,
2025-12-29,0.5080669652982956,
2025-12-30,0.5089892072269027,
2025-12-31,0.509912013142517,
2026-01-01,0.5108353833900392,
2026-01-02,0.5117593183145799,
2026-01-05,0.5145345146045912,
2026-01-06,0.5154607116925398,
2026-01-07,0.5163874751862305,
2026-01-08,0.5173148054320429,
2026-01-09,0.5182427027765673,
2026-01-12,0.5210298008715073,
2026-01-13,0.5219599700810338,
2026-01-14,0.5228907081254102,
2026-01-15,0.5238220153525011,
2026-01-16,0.5247538921103836,
2026-01-19,0.5275529430527537,
2026-01-20,0.5284871014188393,
2026-01-21,0.5294218310592993,
2026-01-22,0.5303571323234917,
2026-01-23,0.5312930055609855,
2026-01-26,0.5341040606121896,
2026-01-27,0.5350422252428717,
2026-01-28,0.5359809635979162,
2026-01-29,0.5369202760281779,
2026-01-30,0.537860162884727,
2026-02-02,0.5406832735260108,
2026-02-03,0.5416254616026974,
2026-02-04,0.5425682258642415,
2026-02-05,0.5435115666630022,
2026-02-06,0.5444554843515546,
2026-02-09,0.5472907022849476,
2026-02-10,0.5482369310627317,
2026-02-11,0.5491837384964198,
2026-02-12,0.5501311249398826,
2026-02-13,0.5510790907472072,
2026-02-16,0.5539264678964708,
2026-02-17,0.5548767547044464,
2026-02-18,0.5558276226499697,
2026-02-19,0.5567790720884294,
2026-02-20,0.5577311033754313,
2026-02-23,0.5605906918870087,
2026-02-24,0.5615450541285869,
2026-02-25,0.5625000000000002,
2026-02-26,0.5634555298581607,
2026-02-27,0.5644116440602001,
2026-03-02,0.5672834963041713,
2026-03-03,0.5682419514574009,
2026-03-04,0.5692009927434412,
2026-03-05,0.5701606205207352,
2026-03-06,0.5711208351479453,
2026-03-09,0.5740050037189868,
2026-03-10,0.5749675693368734,
2026-03-11,0.5759307236012807,
2026-03-12,0.5768944668721887,
2026-03-13,0.5778587995097983,
2026-03-16,0.5807553372281455,
2026-03-17,0.5817220309389737,
2026-03-18,0.5826893158208122,
2026-03-19,0.5836571922351861,
2026-03-20,0.5846256605438398,
2026-03-23,0.5875346204562555,
2026-03-24,0.5885054599639099,
2026-03-25,0.5894768931778918,
2026-03-26,0.5904489204612764,
2026-03-27,0.5914215421773596,
2026-03-30,0.5943429775581042,
2026-03-31,0.595317980642396,
2026-04-01,0.5962935799792051,
2026-04-02,0.597269775933164,
2026-04-03,0.598246568869127,
2026-04-06,0.601180533220935,
2026-04-07,0.6021597177379259,
2026-04-08,0.6031395010645442,
2026-04-09,0.6041198835669854,
2026-04-10,0.6051008656116688,
2026-04-13,0.6080474126667286,
2026-04-14,0.6090307965490589,
2026-04-15,0.6100147818090931,
2026-04-16,0.610999368814596,
2026-04-17,0.6119845579335597,
2026-04-20,0.6149437416544974,
2026-04-21,0.6159313429117139,
2026-04-22,0.6169195481257237,
2026-04-23,0.6179083576658695,
2026-04-24,0.618897771901721,
2026-04-27,0.6218696464825886,
2026-04-28,0.6228614832014745,
2026-04-29,0.6238539264673033,
2026-04-30,0.6248469766510034,
2026-05-01,0.6258406341237281,
2026-05-04,0.6288252539909964,
2026-05-05,0.6298213443359018,
2026-05-06,0.6308180438290094,
2026-05-07,0.6318153528428374,
2026-05-08,0.6328132717501311,
2026-05-11,0.6358106915636856,
2026-05-12,0.6368110537768616,
2026-05-13,0.6378120277506547,
2026-05-14,0.6388136138591802,
2026-05-15,0.6398158124767821,
2026-05-18,0.642826087130925,
2026-05-19,0.6438307395328575,
2026-05-20,0.6448360063190244,
2026-05-21,0.6458418878651464,
2026-05-22,0.6468483845471733,
2026-05-25,0.649871569171629,
2026-05-26,0.6508805301613723,
2026-05-27,0.6518901081702209,
2026-05-28,0.6529003035755054,
2026-05-29,0.6539111167547884,
2026-06-01,0.6569472667157115,
2026-06-02,0.6579605547712282,
2026-06-03,0.6589744624920197,
2026-06-04,0.6599889902570357,
2026-06-05,0.6610041384454572,
2026-06-08,0.6640533093464482,
2026-06-09,0.6650709430249455,
2026-06-10,0.6660891990262361,
2026-06-11,0.6671080777308944,
2026-06-12,0.6681275795197286,
2026-06-15,0.6711898272028514,
2026-06-16,0.6722118251411213,
2026-06-17,0.6732344480711001,
2026-06-18,0.6742576963749947,
2026-06-19,0.6752815704352457,
2026-06-22,0.6783569509820506,
2026-06-23,0.6793833318968123,
2026-06-24,0.6804103404836446,
2026-06-25,0.6814379771263928,
2026-06-26,0.6824662422091379,
2026-06-29,0.6855548119416885,
2026-06-30,0.68658559462993,
2026-07-01,0.687617007682098,
2026-07-02,0.6886490514836854,
2026-07-03,0.68968172642042,
2026-07-06,0.6927835419023245,
2026-07-07,0.6938187452416467,
2026-07-08,0.6948545816482969,
2026-07-09,0.6958910515094205,
2026-07-10,0.6969281552123996,
2026-07-13,0.7000432732498472,
2026-07-14,0.7010829161988106,
2026-07-15,0.7021231949300972,
2026-07-16,0.7031641098325125,
2026-07-17,0.7042056612951,
2026-07-20,0.7073341389379002,
2026-07-21,0.7083782405363721,
2026-07-22,0.7094229806438055,
2026-07-23,0.7104683596506736,
2026-07-24,0.7115143779476882,
2026-07-27,0.7146562724903174,
2026-07-28,0.7157048518598195,
2026-07-29,0.7167540724766153,
2026-07-30,0.7178039347328524,
2026-07-31,0.7188544390209188,
2026-08-03,0.7220098080035677,
2026-08-04,0.7230628843476272,
2026-08-05,0.7241166046890561,
2026-08-06,0.7251709694216841,
2026-08-07,0.7262259789395815,
2026-08-10,0.7293948801492101,
2026-08-11,0.730452472753711,
2026-08-12,0.7315107121174516,
2026-08-13,0.7325695986359497,
2026-08-14,0.733629132704966,
2026-08-17,0.7368116241763611,
2026-08-18,0.7378737524098979,
2026-08-19,0.7389365301763886,
2026-08-20,0.7399999578730478,
2026-08-21,0.7410640358973335,
2026-08-24,0.7442601759141725,
2026-08-25,0.7453268592284039,
2026-08-26,0.7463941948611992,
2026-08-27,0.7474621832114767,
2026-08-28,0.7485308246783986,
2026-08-31,0.7517406717743158,
2026-09-01,0.7528119297043221,
2026-09-02,0.7538838427504488,
2026-09-03,0.7549564113133249,
2026-09-04,0.7560296357938243,
2026-09-07,0.7592532487534838,
2026-09-08,0.7603291009181243,
2026-09-09,0.7614056110084391,
2026-09-10,0.7624827794267752,
2026-09-11,0.7635606065757266,
2026-09-14,0.7667980444358979,
2026-09-15,0.7678785105381691,
2026-09-16,0.7689596373877181,
2026-09-17,0.7700414253886174,
2026-09-18,0.7711238749451872,
2026-09-21,0.7743751969958284,
2026-09-22,0.7754602968232265,
2026-09-23,0.7765460602316061,
2026-09-24,0.7776324876267737,
2026-09-25,0.7787195794147828,
2026-09-28,0.7819848452001232,
2026-09-29,0.7830745986250056,
2026-09-30,0.7841650184767268,
2026-10-01,0.7852561051628326,
2026-10-02,0.7863478590911186,
2026-10-05,0.7896271284107523,
2026-10-06,0.7907215553907017,
2026-10-07,0.7918166516555516,
2026-10-08,0.7929124176145959,
2026-10-09,0.7940088536773786,
2026-10-12,0.7973021865873575,
2026-10-13,0.7984013071655474,
2026-10-14,0.7995010998989569,
2026-10-15,0.8006015651986347,
2026-10-16,0.8017027034758817,
2026-10-19,0.8050101602898165,
2026-10-20,0.8061139945953784,
2026-10-21,0.8072185039387887,
2026-10-22,0.8083236887328584,
2026-10-23,0.8094295493906527,
2026-10-26,0.812751190680818,
2026-10-27,0.8138597589292096,
2026-10-28,0.8149690051104406,
2026-10-29,0.8160789296390929,
2026-10-30,0.817189532930003,
2026-11-02,0.8205254195284442,
2026-11-03,0.8216387420218203,
2026-11-04,0.8227527453554424,
2026-11-05,0.8238674299456707,
2026-11-06,0.8249827962091203,
2026-11-09,0.828332989208771,
2026-11-10,0.8294510863363542,
2026-11-11,0.8305698672240593,
2026-11-12,0.8316893322900321,
2026-11-13,0.8328094819526739,
2026-11-16,0.8361740427084712,
2026-11-17,0.8372969349469273,
2026-11-18,0.8384205138779028,
2026-11-19,0.8395447799213369,
2026-11-20,0.8406697334974256,
2026-11-23,0.844048723627437,
2026-11-24,0.8451764315412476,
2026-11-25,0.8463048290925517,
2026-11-26,0.8474339167030891,
2026-11-27,0.8485636947948578,
2026-11-30,0.8519571761814075,
2026-12-01,0.8530897204232488,
2026-12-02,0.8542229572601865,
2026-12-03,0.85535688711577,
2026-12-04,0.8564915104138073,
2026-12-07,0.8598995452046112,
2026-12-08,0.8610369465157295,
2026-12-09,0.8621750433922328,
2026-12-10,0.8633138362594859,
2026-12-11,0.864453325543115,
2026-12-14,0.867875976152416,
2026-12-15,0.8690182553630112,
2026-12-16,0.8701612331220172,
2026-12-17,0.8713049098566239,
2026-12-18,0.8724492859942823,
2026-12-21,0.875886615103997,
2026-12-22,0.877033793133601,
2026-12-23,0.8781816727074352,
2026-12-24,0.8793302542545216,
2026-12-25,0.8804795382041439,
2026-12-28,0.8839316087650082,
2026-12-29,0.8850837066228694,
2026-12-30,0.8862365090336282,
2026-12-31,0.8873900164281461,
2027-01-01,0.8885442292375489,
2027-01-04,0.8920111044702712,
2027-01-05,0.893168143255739,
2027-01-06,0.8943258896156747,
2027-01-07,0.8954843439827884,
2027-01-08,0.8966435067900533,
2027-01-11,0.9001252501864729,
2027-01-12,0.9012872510893839,
2027-01-13,0.9024499626012923,
2027-01-14,0.9036133851567625,
2027-01-15,0.904777519190626,
2027-01-18,0.9082741945148753,
2027-01-19,0.9094411788159422,
2027-01-20,0.9106088767735487,
2027-01-21,0.9117772888241242,
2027-01-22,0.9129464154043643,
2027-01-25,0.916458086694037,
2027-01-26,0.9176300757652367,
2027-01-27,0.9188027815535893,
2027-01-28,0.9199762044973954,
2027-01-29,0.9211503450352228,
2027-02-01,0.924677076602546,
2027-02-02,0.9258540919075138,
2027-02-03,0.9270318270033717,
2027-02-04,0.9282102823303018,
2027-02-05,0.9293894583287525,
2027-02-08,0.9329313147617659,
2027-02-09,0.9341133778561845,
2027-02-10,0.9352961638284147,
2027-02-11,0.9364796731205252,
2027-02-12,0.9376639061748533,
2027-02-15,0.9412209523385908,
2027-02-16,0.9424080848705887,
2027-02-17,0.9435959433805579,
2027-02-18,0.9447845283124621,
2027-02-19,0.9459738401105366,
2027-02-22,0.949546141148214,
2027-02-23,0.9507383648587608,
2027-02-24,0.9519313176607336,
2027-02-25,0.9531250000000002,
2027-02-26,0.9543194123227012,
2027-03-01,0.9579070336569104,
2027-03-02,0.9591043703802138,
2027-03-03,0.960302439321751,
2027-03-04,0.9615012409293016,
2027-03-05,0.9627007756509192,
2027-03-08,0.9663037829848251,
2027-03-09,0.9675062546487332,
2027-03-10,0.9687094616710918,
2027-03-11,0.9699134045016009,
2027-03-12,0.9711180835902358,
2027-03-15,0.9747365429087818,
2027-03-16,0.975944171535182,
2027-03-17,0.977152538673717,
2027-03-18,0.9783616447760153,
2027-03-19,0.9795714902939825,
2027-03-22,0.983205467865095,
2027-03-23,0.9844182755703195,
2027-03-24,0.9856318249548872,
2027-03-25,0.986846116472365,
2027-03-26,0.9880611505765955,
2027-03-29,0.9917107129524014,
2027-03-30,0.9929287219476302,
2027-03-31,0.9941474758029949,
2027-04-01,0.9953669749740066,
2027-04-02,0.9965872199164547,
2027-04-05,1.0002524339344996,
2027-04-06,1.001475666526169,
2027-04-07,1.0026996471724074,
2027-04-08,1.0039243763306804,
2027-04-09,1.005149854458732,
2027-04-12,1.0088307872432005,
2027-04-13,1.0100592658334109,
2027-04-14,1.011288495686324,
2027-04-15,1.012518477261366,
2027-04-16,1.013749211018245,
2027-04-19,1.017445929981196,
2027-04-20,1.0186796770681217,
2027-04-21,1.0199141786396426,
2027-04-22,1.0211494351571542,
2027-04-23,1.0223854470823368,
2027-04-26,1.0260980199249325,
2027-04-27,1.0273370581032357,
2027-04-28,1.0285768540018427,
2027-04-29,1.0298174080841291,
2027-04-30,1.0310587208137543,
2027-05-03,1.0347872155275035,
2027-05-04,1.0360315674887457,
2027-05-05,1.0372766804198772,
2027-05-06,1.0385225547862622,
2027-05-07,1.039769191053547,
2027-05-10,1.0435136759215493,
2027-05-11,1.044763364454607,
2027-05-12,1.0460138172210773,
2027-05-13,1.0472650346883188,
2027-05-14,1.048517017323975,
2027-05-17,1.052277560922172,
2027-05-18,1.053532608913656,
2027-05-19,1.0547884244160715,
2027-05-20,1.0560450078987809,
2027-05-21,1.057302359831433,
2027-05-24,1.0610790310298621,
2027-05-25,1.062339461464536,
2027-05-26,1.0636006627017158,
2027-05-27,1.0648626352127764,
2027-05-28,1.0661253794693821,
2027-05-31,1.0699182474334399,
2027-06-01,1.0711840833946393,
2027-06-02,1.0724506934640354,
2027-06-03,1.0737180781150246,
2027-06-04,1.0749862378212942,
2027-06-07,1.078795372013003,
2027-06-08,1.080066636683061,
2027-06-09,1.081338678781182,
2027-06-10,1.082611498782795,
2027-06-11,1.083885097163618,
2027-06-14,1.0877105673428962,
2027-06-15,1.0889872840035641,
2027-06-16,1.0902647814264017,
2027-06-17,1.0915430600888754,
2027-06-18,1.092822120468743,
2027-06-21,1.096663996694685,
2027-06-22,1.0979461887275632,
2027-06-23,1.0992291648710153,
2027-06-24,1.100512925604555,
2027-06-25,1.1017974714079908,
2027-06-28,1.1056558240401473,
2027-06-29,1.106943514927111,
2027-06-30,1.1082319932874127,
2027-07-01,1.1095212596026225,
2027-07-02,1.1108113143546068,
2027-07-05,1.1146862140542768,
2027-07-06,1.1159794273779053,
2027-07-07,1.1172734315520585,
2027-07-08,1.1185682270603712,
2027-07-09,1.1198638143867754,
2027-07-12,1.1237553321182974,
2027-07-13,1.1250540915623088,
2027-07-14,1.1263536452485128,
2027-07-15,1.1276539936626215,
2027-07-16,1.1289551372906406,
2027-07-19,1.1328633443226939,
2027-07-20,1.1341676736723754,
2027-07-21,1.135472800670465,
2027-07-22,1.1367787258047573,
2027-07-23,1.1380854495633415,
2027-07-26,1.1420104174702508,
2027-07-27,1.1433203406128962,
2027-07-28,1.1446310648247744,
2027-07-29,1.1459425905957694,
2027-07-30,1.1472549184160656,
2027-08-02,1.1511967190791106,
2027-08-03,1.1525122600044595,
2027-08-04,1.153828605434534,
2027-08-05,1.1551457558613203,
2027-08-06,1.1564637117771053,
2027-08-09,1.1604224173858388,
2027-08-10,1.1617436001865125,
2027-08-11,1.1630655909421388,
2027-08-12,1.1643883901468142,
2027-08-13,1.1657119982949369,
2027-08-16,1.169687681348508,
2027-08-17,1.171014530220451,
2027-08-18,1.172342190512372,
2027-08-19,1.173670662720486,
2027-08-20,1.17499994734131,
2027-08-23,1.1789926806497877,
2027-08-24,1.1803252198927154,
2027-08-25,1.181658574035505,
2027-08-26,1.1829927435764995,
2027-08-27,1.1843277290143464,
2027-08-30,1.188337585700057,
2027-08-31,1.1896758397178946,
2027-09-01,1.1910149121304028,
2027-09-02,1.1923548034380613,
2027-09-03,1.1936955141416559,
2027-09-06,1.197722567640521,
2027-09-07,1.199066560941855,
2027-09-08,1.2004113761476551,
2027-09-09,1.2017570137605484,
2027-09-10,1.2031034742834685,
2027-09-13,1.207147798346349,
2027-09-14,1.2084975555448727,
2027-09-15,1.2098481381727115,
2027-09-16,1.211199546734648,
2027-09-17,1.2125517817357716,
2027-09-20,1.216613450429818,
2027-09-21,1.2179689962447853,
2027-09-22,1.2193253710290328,
2027-09-23,1.2206825752895076,
2027-09-24,1.222040609533467,
2027-09-27,1.2261196972434782,
2027-09-28,1.227481056500154,
2027-09-29,1.2288432482812568,
2027-09-30,1.230206273095908,
2027-10-01,1.231570131453541,
2027-10-04,1.235666712883324,
2027-10-05,1.2370339105134405,
2027-10-06,1.238401944238377,
2027-10-07,1.239770814569439,
2027-10-08,1.2411405220182448,
2027-10-11,1.2452546721919857,
2027-10-12,1.2466277332341966,
2027-10-13,1.248001633956934,
2027-10-14,1.249376374873696,
2027-10-15,1.2507519564982932,
2027-10-18,1.254883750761929,
2027-10-19,1.2562627003622713,
2027-10-20,1.257642493244223,
2027-10-21,1.2590231299234853,
2027-10-22,1.2604046109160731,
2027-10-25,1.26455412493867,
2027-10-26,1.2659389883510221,
2027-10-27,1.2673246986615117,
2027-10-28,1.268711256388051,
2027-10-29,1.270098662048866,
2027-11-01,1.2742659718240104,
2027-11-02,1.2756567744105554,
2027-11-03,1.2770484275272755,
2027-11-04,1.2784409316943033,
2027-11-05,1.2798342874320885,
2027-11-08,1.2840194692792721,
2027-11-09,1.285416236510963,
2027-11-10,1.2868138579204436,
2027-11-11,1.2882123340300744,
2027-11-12,1.2896116653625396,
2027-11-15,1.2938147959285646,
2027-11-16,1.295217553385589,
2027-11-17,1.296621168683659,
2027-11-18,1.2980256423473784,
2027-11-19,1.299430974901671,
2027-11-22,1.3036521311620461,
2027-11-23,1.3050609045342965,
2027-11-24,1.3064705394265599,
2027-11-25,1.3078810363656892,
2027-11-26,1.309292395878861,
2027-11-29,1.3135316551392164,
2027-11-30,1.3149464702267593,
2027-12-01,1.316362150529061,
2027-12-02,1.3177786965752332,
2027-12-03,1.3191961088947126,
2027-12-06,1.323453548792215,
2027-12-07,1.324874431505764,
2027-12-08,1.3262961831446622,
2027-12-09,1.3277188042402908,
2027-12-10,1.329142295324358,
2027-12-13,1.3334179938291295,
2027-12-14,1.3348449701905203,
2027-12-15,1.336272819203764,
2027-12-16,1.3377015414025215,
2027-12-17,1.3391311373207802,
2027-12-20,1.34342517273733,
2027-12-21,1.3448582688799964,
2027-12-22,1.346292241417001,
2027-12-23,1.3477270908842942,
2027-12-24,1.3491628178181516,
2027-12-27,1.3534752687868083,
2027-12-28,1.3549145109562604,
2027-12-29,1.356354633278587,
2027-12-30,1.357795636292035,
2027-12-31,1.3592375205351832,
2028-01-03,1.3635684660335334,
2028-01-04,1.365013880587839,
2028-01-05,1.3664601790696742,
2028-01-06,1.3679073620195936,
2028-01-07,1.3693554299784854,
2028-01-10,1.3737049493228244,
2028-01-11,1.3751565627330917,
2028-01-12,1.3766090638617299,
2028-01-13,1.3780624532516148,
2028-01-14,1.3795167314459529,
2028-01-17,1.3838849042927328,
2028-01-18,1.3853427431435938,
2028-01-19,1.3868014735199274,
2028-01-20,1.3882610959669361,
2028-01-21,1.3897216110301551,
2028-01-24,1.394108517377446,
2028-01-25,1.3955726083675462,
2028-01-26,1.3970375947065463,
2028-01-27,1.3985034769419866,
2028-01-28,1.399970255621744,
2028-01-31,1.4043759758106988,
2028-02-01,1.405846345753183,
2028-02-02,1.4073176148843918,
2028-02-03,1.4087897837542145,
2028-02-04,1.4102628529128771,
2028-02-07,1.4146874676292018,
2028-02-08,1.4161641434522072,
2028-02-09,1.417641722320231,
2028-02-10,1.4191202047855187,
2028-02-11,1.4205995914006562,
2028-02-14,1.425043181676089,
2028-02-15,1.4265261904232385,
2028-02-16,1.4280101060882364,
2028-02-17,1.4294949292256969,
2028-02-18,1.4309806603905773,
2028-02-21,1.4354433076043724,
2028-02-22,1.436932676435268,
2028-02-23,1.4384229560734512,
2028-02-24,1.4399141470759171,
2028-02-25,1.44140625,
2028-02-28,1.4458880358804165,
2028-02-29,1.4473837920711379,
2028-03-01,1.4488804629752674,
2028-03-02,1.4503780491521887,
2028-03-03,1.451876551161627,
2028-03-06,1.4563775577874272,
2028-03-07,1.4578797287310317,
2028-03-08,1.4593828183109165,
2028-03-09,1.4608868270888644,
2028-03-10,1.4623917556270007,
2028-03-13,1.4669120654289531,
2028-03-14,1.4684206786359773,
2028-03-15,1.4699302144189774,
2028-03-16,1.4714406733421468,
2028-03-17,1.4729520559700187,
2028-03-20,1.477491751732407,
2028-03-21,1.4790068348313685,
2028-03-22,1.4805228444628993,
2028-03-23,1.4820397811936092,
2028-03-24,1.483557645590456,
2028-03-27,1.488116810452595,
2028-03-28,1.489638391190502,
2028-03-29,1.491160902434538,
2028-03-30,1.492684344753744,
2028-03-31,1.4942087187175086,
2028-04-03,1.4987874361752689,
2028-04-04,1.5003155424181238,
2028-04-05,1.5018445831577107,
2028-04-06,1.503374558965509,
2028-04-07,1.5049054704133504,
2028-04-10,1.5095038243206842,
2028-04-11,1.5110384840540005,
2028-04-12,1.512574082291763,
2028-04-13,1.5141106196079046,
2028-04-14,1.5156480965767072,
2028-04-17,1.5202661711471865,
2028-04-18,1.5218074124764946,
2028-04-19,1.5233495963351524,
2028-04-20,1.5248927232995535,
2028-04-21,1.5264367939464427,
2028-04-24,1.5310746737548007,
2028-04-25,1.532622524906166,
2028-04-26,1.5341713226290445,
2028-04-27,1.5357210675023034,
2028-04-28,1.537271760105162,
2028-05-01,1.5419295300888414,
2028-05-02,1.5434840194093793,
2028-05-03,1.545039459360932,
2028-05-04,1.5465958505248465,
2028-05-05,1.5481531934828272,
2028-05-08,1.5528309389435386,
2028-05-09,1.554392094901936,
2028-05-10,1.5559542055682587,
2028-05-11,1.5575172715263466,
2028-05-12,1.5590812933603981,
2028-05-15,1.5637790999656773,
2028-05-16,1.5653469511527147,
2028-05-17,1.5669157611420705,
2028-05-18,1.568485530520089,
2028-05-19,1.5700562598734757,
2028-05-22,1.5747742136582574,
2028-05-23,1.5763487887873282,
2028-05-24,1.5779243268306704,
2028-05-25,1.5795008283771446,
2028-05-26,1.5810782940159704,
2028-05-29,1.58581648138416,
2028-05-30,1.587397809291799,
2028-05-31,1.5889801042432992,
2028-06-01,1.590563366830044,
2028-06-02,1.5921475976437809,
2028-06-05,1.5969061053698401,
2028-06-06,1.5984942150162538,
2028-06-07,1.600083295853826,
2028-06-08,1.6016733484764778,
2028-06-09,1.6032643734784937,
2028-06-12,1.6080432887090286,
2028-06-13,1.60963820917862,
2028-06-14,1.611234105004455,
2028-06-15,1.6128309767830022,
2028-06-16,1.6144288251110939,
2028-06-19,1.619228235366449,
2028-06-20,1.6208299958683563,
2028-06-21,1.6224327359094541,
2028-06-22,1.6240364560887692,
2028-06-23,1.6256411570056941,
2028-06-26,1.6304611501815565,
2028-06-27,1.6320697800501844,
2028-06-28,1.6336793936588885,
2028-06-29,1.6352899916092651,
2028-06-30,1.6369015745032782,
2028-07-03,1.6417422388722893,
2028-07-04,1.6433577675678461,
2028-07-05,1.6449742842223825,
2028-07-06,1.6465917894400732,
2028-07-07,1.6482102838254638,
2028-07-10,1.653071708038833,
2028-07-11,1.6546941651478724,
2028-07-12,1.6563176144528855,
2028-07-13,1.6579420565606413,
2028-07-14,1.6595674920782768,
2028-07-17,1.664449765167408,
2028-07-18,1.6660791804033677,
2028-07-19,1.6677095920904685,
2028-07-20,1.6693410008380813,
2028-07-21,1.670973407255946,
2028-07-24,1.6758766186340637,
2028-07-25,1.677513021837814,
2028-07-26,1.6791504257661214,
2028-07-27,1.6807888310309687,
2028-07-28,1.6824282382447118,
2028-07-31,1.6873524777085023,
2028-08-01,1.6889958988488885,
2028-08-02,1.6906403250055746,
2028-08-03,1.6922857567931677,
2028-08-04,1.6939321948266506,
2028-08-07,1.6988775525579052,
2028-08-08,1.7005280217322984,
2028-08-09,1.7021795002331404,
2028-08-10,1.7038319886776732,
2028-08-11,1.705485487683518,
2028-08-14,1.710452054250787,
2028-08-15,1.7121096016856345,
2028-08-16,1.713768162775564,
2028-08-17,1.7154277381404657,
2028-08-18,1.717088328400607,
2028-08-21,1.7220761947608536,
2028-08-22,1.7237408508122347,
2028-08-23,1.7254065248658943,
2028-08-24,1.7270732175443806,
2028-08-25,1.7287409294706237,
2028-08-28,1.7337501869708927,
2028-08-29,1.7354219821250711,
2028-08-30,1.7370947996473682,
2028-08-31,1.7387686401630034,
2028-09-01,1.740443504297576,
2028-09-04,1.7454742446766667,
2028-09-05,1.747153209550651,
2028-09-06,1.7488332011773187,
2028-09-07,1.7505142201845687,
2028-09-08,1.7521962672006857,
2028-09-11,1.7572485825908317,
2028-09-12,1.7589347479329356,
2028-09-13,1.7606219444310907,
2028-09-14,1.762310172715889,
2028-09-15,1.7639994334183093,
2028-09-18,1.7690734163468669,
2028-09-19,1.7707668130372722,
2028-09-20,1.7724612453059811,
2028-09-21,1.7741567137862906,
2028-09-22,1.7758532191118848,
2028-09-25,1.7809489625030244,
2028-09-26,1.7826496215543473,
2028-09-27,1.7843513206251922,
2028-09-28,1.7860540603515713,
2028-09-29,1.787757841369885,
2028-10-02,1.7928754385462966,
2028-10-03,1.794583391104155,
2028-10-04,1.7962923881418003,
2028-10-05,1.7980024302979718,
2028-10-06,1.7997135182117994,
2028-10-09,1.804853062896397,
2028-10-10,1.8065683402399824,
2028-10-11,1.8082846665427459,
2028-10-12,1.8100020424461678,
2028-10-13,1.8117204685921195,
2028-10-16,1.8168820549097653,
2028-10-17,1.8186046884524107,
2028-10-18,1.8203283754528385,
2028-10-19,1.8220531165552787,
2028-10-20,1.8237789124043569,
2028-10-23,1.8289626348835761,
2028-10-24,1.8306926561733379,
2028-10-25,1.8324237354387778,
2028-10-26,1.8341558733268903,
2028-10-27,1.835889070485063,
2028-10-30,1.8410950240597814,
2028-10-31,1.8428324647800127,
2028-11-01,1.844570968013194,
2028-11-02,1.8463105344090947,
2028-11-03,1.8480511646178783,
2028-11-06,1.853279444629158,
2028-11-07,1.8550243365990906,
2028-11-08,1.8567702956387042,
2028-11-09,1.8585173224005538,
2028-11-10,1.860265417537593,
2028-11-13,1.8655161197353785,
2028-11-14,1.8672684949107055,
2028-11-15,1.8690219417319862,
2028-11-16,1.8707764608545738,
2028-11-17,1.8725320529342233,
2028-11-20,1.877805273479097,
2028-11-21,1.8795651639525572,
2028-11-22,1.88132613066787,
2028-11-23,1.8830881742831997,
2028-11-24,1.884851295457112,
2028-11-27,1.8901471309220539,
2028-11-28,1.8919145689240215,
2028-11-29,1.89368308778345,
2028-11-30,1.8954526881613254,
2028-12-01,1.8972233707190411,
2028-12-04,1.9025419180911967,
2028-12-05,1.9043169359902685,
2028-12-06,1.9060930393822049,
2028-12-07,1.9078702289308276,
2028-12-08,1.9096485053003636,
2028-12-11,1.9149898619828205,
2028-12-12,1.9167724922864116,
2028-12-13,1.9185562127381504,
2028-12-14,1.920341024004705,
2028-12-15,1.922126926753152,
2028-12-18,1.927491190566725,
2028-12-19,1.9292814659216622,
2028-12-20,1.9310728360999954,
2028-12-21,1.9328653017712516,
2028-12-22,1.9346588636053674,
2028-12-25,1.94004613279039,
2028-12-26,1.9418440859835107,
2028-12-27,1.9436431386953248,
2028-12-28,1.9454432915982327,
2028-12-29,1.9472445453650438,
2029-01-01,1.9526549185831645,
2029-01-02,1.954460582541917,
2029-01-03,1.9562673507347994,
2029-01-04,1.9580752238370924,
2029-01-05,1.9598842025244911,
2029-01-08,1.9653177788604834,
2029-01-09,1.9671311866535302,
2029-01-10,1.968945703416364,
2029-01-11,1.9707613298271625,
2029-01-12,1.9725780665645192,
2029-01-15,1.9780349455280932,
2029-01-16,1.9798561303659161,
2029-01-17,1.9816784289294924,
2029-01-18,1.9835018418999097,
2029-01-19,1.98532636995867,
2029-01-22,1.9908066514862992,
2029-01-23,1.9926356467218076,
2029-01-24,1.9944657604594327,
2029-01-25,1.996296993383183,
2029-01-26,1.9981293461774836,
2029-01-29,2.0036331306342325,
2029-01-30,2.0054699697633733,
2029-01-31,2.0073079321914777,
2029-02-01,2.0091470186054896,
2029-02-02,2.0109872296927684,
2029-02-05,2.0165146178741296,
2029-02-06,2.0183593345365023,
2029-02-07,2.02020517931526,
2029-02-08,2.0220521529002884,
2029-02-09,2.023900255981898,
2029-02-12,2.029451349115639,
2029-02-13,2.031303977095111,
2029-02-14,2.033157738029048,
2029-02-15,2.035012632610295,
2029-02-16,2.036868661532122,
2029-02-19,2.0424435612801393,
2029-02-20,2.0443041345054653,
2029-02-21,2.0461658455440848,
2029-02-22,2.048028695091814,
2029-02-23,2.049892683844896,
2029-02-26,2.0554914923050784,
2029-02-27,2.0573600448505203,
2029-02-28,2.0592297400889223,
2029-03-01,2.0611005787190844,
2029-03-02,2.0629725614402363,
2029-03-05,2.068595381148331,
2029-03-06,2.070471947234284,
2029-03-07,2.07234966091379,
2029-03-08,2.074228522888646,
2029-03-09,2.0761085338610803,
2029-03-12,2.081755467792575,
2029-03-13,2.083640081786192,
2029-03-14,2.0855258482949712,
2029-03-15,2.087412768023722,
2029-03-16,2.089300841677683,
2029-03-19,2.094971993249687,
2029-03-20,2.0968646896655088,
2029-03-21,2.098758543539211,
2029-03-22,2.100653555578624,
2029-03-23,2.102549726492011,
2029-03-26,2.108245199565155,
2029-03-27,2.110146013065744,
2029-03-28,2.1120479889881274,
2029-03-29,2.113951128043172,
2029-03-30,2.115855430942179,
2029-04-02,2.1215753298225137,
2029-04-03,2.1234842952190855,
2029-04-04,2.1253944280226555,
2029-04-05,2.1273057289471384,
2029-04-06,2.1292181987068868,
2029-04-09,2.1349626281477905,
2029-04-10,2.1368797804008555,
2029-04-11,2.138798105067501,
2029-04-12,2.1407176028647044,
2029-04-13,2.142638274509881,
2029-04-16,2.1484073397139842,
2029-04-17,2.1503327139339836,
2029-04-18,2.1522592655956183,
2029-04-19,2.1541869954189408,
2029-04-20,2.1561159041244418,
2029-04-23,2.1619097107455483,
2029-04-24,2.163843342193501,
2029-04-25,2.165778156132707,
2029-04-26,2.167714153286306,
2029-04-27,2.1696513343778796,
2029-04-30,2.1754699885229063,
2029-05-01,2.1774119126110514,
2029-05-02,2.179355024261724,
2029-05-03,2.1812993242011647,
2029-05-04,2.1832448131560582,
2029-05-07,2.189088421386975,
2029-05-08,2.191038673679423,
2029-05-09,2.1929901186274203,
2029-05-10,2.1949427569603235,
2029-05-11,2.1968965894079333,
2029-05-14,2.2027652587437143,
2029-05-15,2.204723874957097,
2029-05-16,2.2066836889408936,
2029-05-17,2.2086447014275885,
2029-05-18,2.210606913150112,
2029-05-21,2.2165007510686983,
2029-05-22,2.2184677670728217,
2029-05-23,2.22043598598416,
2029-05-24,2.222405408538338,
2029-05-25,2.2243760354714306,
2029-05-28,2.230295149911696,
2029-05-29,2.2322706017301996,
2029-05-30,2.2342472616147497,
2029-05-31,2.2362251303041245,
2029-06-01,2.238204208537555,
2029-06-04,2.2441487079012843,
2029-06-05,2.2461326317123,
2029-06-06,2.248117768770317,
2029-06-07,2.250104119817282,
2029-06-08,2.252091685595597,
2029-06-11,2.2580616787494696,
2029-06-12,2.2600541108862853,
2029-06-13,2.2620477614732755,
2029-06-14,2.2640426312555686,
2029-06-15,2.2660387209787527,
2029-06-18,2.2720343172563386,
2029-06-19,2.274035294208061,
2029-06-20,2.276037494835445,
2029-06-21,2.2780409198868177,
2029-06-22,2.280045570110962,
2029-06-25,2.2860668793147227,
2029-06-26,2.2880764377269456,
2029-06-27,2.2900872250627304,
2029-06-28,2.292099242073611,
2029-06-29,2.294112489511582,
2029-07-02,2.3001596219148825,
2029-07-03,2.3021777985903618,
2029-07-04,2.3041972094598075,
2029-07-05,2.306217855277978,
2029-07-06,2.3082397368000915,
2029-07-09,2.3143128031492184,
2029-07-10,2.316339635048542,
2029-07-11,2.31836770643484,
2029-07-12,2.3203970180661075,
2029-07-13,2.322427570700802,
2029-07-16,2.328526682216992,
2029-07-17,2.33056220645926,
2029-07-18,2.332598975504209,
2029-07-19,2.3346369901130855,
2029-07-20,2.3366762510476016,
2029-07-23,2.342801519429079,
2029-07-24,2.3448457732925796,
2029-07-25,2.346891277297267,
2029-07-26,2.348938032207651,
2029-07-27,2.3509860387887107,
2029-07-30,2.357137576212732,
2029-07-31,2.359190597135628,
2029-08-01,2.3612448735611102,
2029-08-02,2.3633004062569674,
2029-08-03,2.365357195991459,
2029-08-06,2.37153511511637,
2029-08-07,2.373596940697382,
2029-08-08,2.3756600271653734,
2029-08-09,2.377724375291425,
2029-08-10,2.3797899858470917,
2029-08-13,2.385994399814387,
2029-08-14,2.388065067813484,
2029-08-15,2.390137002107043,
2029-08-16,2.3922102034694555,
2029-08-17,2.394284672675582,
2029-08-20,2.4005156951119795,
2029-08-21,2.402595243451067,
2029-08-22,2.4046760635152937,
2029-08-23,2.4067581560823683,
2029-08-24,2.408841521930476,
2029-08-27,2.415099266949997,
2029-08-28,2.4171877337136154,
2029-08-29,2.4192774776563386,
2029-08-30,2.4213684995592106,
2029-08-31,2.4234608002037543,
2029-09-03,2.4297453824098136,
2029-09-04,2.4318428058458337,
2029-09-05,2.433941511938314,
2029-09-06,2.436041501471648,
2029-09-07,2.4381427752307117,
2029-09-10,2.4444543097182163,
2029-09-11,2.4465607282385395,
2029-09-12,2.4486684349161694,
2029-09-13,2.450777430538863,
2029-09-14,2.4528877158948617,
2029-09-17,2.459226318252319,
2029-09-18,2.461341770433584,
2029-09-19,2.4634585162965905,
2029-09-20,2.4655765566324765,
2029-09-21,2.467695892232863,
2029-09-24,2.4740616785444973,
2029-09-25,2.4761862031287802,
2029-09-26,2.478312026942935,
2029-09-27,2.4804391507814905,
2029-09-28,2.482567575439464,
2029-10-01,2.488960662287341,
2029-10-02,2.49109429818287,
2029-10-03,2.4932292388801938,
2029-10-04,2.4953654851772504,
2029-10-05,2.4975030378724647,
2029-10-08,2.5039235423386295,
2029-10-09,2.506066328620497,
2029-10-10,2.508210425299978,
2029-10-11,2.5103558331784326,
2029-10-12,2.5125025530577094,
2029-10-15,2.518950592726332,
2029-10-16,2.521102568637206,
2029-10-17,2.5232558605655133,
2029-10-18,2.5254104693160477,
2029-10-19,2.5275663956940986,
2029-10-22,2.5340420886536186,
2029-10-23,2.5362032936044705,
2029-10-24,2.5383658202166726,
2029-10-25,2.540529669298472,
2029-10-26,2.542694841658612,
2029-10-29,2.5491983065039117,
2029-10-30,2.551368780074727,
2029-10-31,2.5535405809750165,
2029-11-01,2.555713710016493,
2029-11-02,2.557888168011368,
2029-11-05,2.564419523845938,
2029-11-06,2.566599305786448,
2029-11-07,2.568780420748863,
2029-11-08,2.5709628695483806,
2029-11-09,2.573146653000692,
2029-11-12,2.5797060194388153,
2029-11-13,2.5818951496692226,
2029-11-14,2.584085618638382,
2029-11-15,2.5862774271649824,
2029-11-16,2.5884705760682176,
2029-11-19,2.5950580732371598,
2029-11-20,2.597256591848872,
2029-11-21,2.5994564549406967,
2029-11-22,2.601657663334838,
2029-11-23,2.6038602178539993,
2029-11-26,2.6104759663962067,
2029-11-27,2.6126839136525675,
2029-11-28,2.6148932111550267,
2029-11-29,2.6171038597293124,
2029-11-30,2.619315860201657,
2029-12-03,2.6259599812769676,
2029-12-04,2.6281773976139955,
2029-12-05,2.630396169987836,
2029-12-06,2.632616299227756,
2029-12-07,2.6348377861635344,
2029-12-10,2.641510401451396,
2029-12-11,2.6437373274785254,
2029-12-12,2.6459656153580142,
2029-12-13,2.6481952659226873,
2029-12-14,2.6504262800058815,
2029-12-17,2.6571275117075825,
2029-12-18,2.659363988208406,
2029-12-19,2.6616018324020776,
2029-12-20,2.663841045124994,
2029-12-21,2.6660816272140644,
2029-12-24,2.672811598054969,
2029-12-25,2.675057665987987,
2029-12-26,2.6773051074793885,
2029-12-27,2.679553923369156,
2029-12-28,2.6818041144977918,
2029-12-31,2.688562947729588,
2030-01-01,2.690818648228955,
2030-01-02,2.6930757281773965,
2030-01-03,2.695334188418499,
2030-01-04,2.6975940297963654,
2030-01-07,2.704381849199323,
2030-01-08,2.7066472235756036,
2030-01-09,2.708913983316913,
2030-01-10,2.7111821292704557,
2030-01-11,2.7134516622839535,
2030-01-14,2.7202685921691914,
2030-01-15,2.7225436819101168,
2030-01-16,2.7248201629573954,
2030-01-17,2.727098036161866,
2030-01-18,2.7293773023748864,
2030-01-21,2.7362234675866492,
2030-01-22,2.7385083143578743,
2030-01-23,2.7407945584022593,
2030-01-24,2.743082200574291,
2030-01-25,2.745371241728978,
2030-01-28,2.75224676764692,
2030-01-29,2.754541413292791,
2030-01-30,2.7568374622042167,
2030-01-31,2.759134915239348,
2030-02-01,2.761433773256862,
2030-02-04,2.768338785798345,
2030-02-05,2.770643272342662,
2030-02-06,2.772949168170628,
2030-02-07,2.7752564741440744,
2030-02-08,2.7775651911253605,
2030-02-11,2.784499816747761,
2030-02-12,2.786814186394549,
2030-02-13,2.789129971368889,
2030-02-14,2.79144717253631,
2030-02-15,2.793765790762869,
2030-02-18,2.8007301564658915,
2030-02-19,2.8030544516001736,
2030-02-20,2.8053801681318316,
2030-02-21,2.8077073069301055,
2030-02-22,2.8100358688647673,
